name,year,count
Ruby,2011,965
JavaScript,2011,694
Python,2011,619
PHP,2011,560
Java,2011,420
C++,2011,339
C,2011,163
C#,2011,159
Ruby,2011,4361
JavaScript,2011,4003
Python,2011,3145
PHP,2011,2841
C++,2011,1941
Java,2011,1808
C,2011,1113
C#,2011,729
Objective-C,2011,496
Shell,2011,306
Scala,2011,305
HTML,2011,255
Haskell,2011,169
Factor,2011,125
CSS,2011,120
Clojure,2011,114
Erlang,2011,111
Rust,2011,107
ActionScript,2011,106
JavaScript,2012,8910
Ruby,2012,7317
Python,2012,6774
PHP,2012,4858
Java,2012,4429
C++,2012,3421
C,2012,1544
C#,2012,1305
Objective-C,2012,1111
CoffeeScript,2012,483
Scala,2012,446
HTML,2012,370
Shell,2012,349
Haskell,2012,310
CSS,2012,265
Erlang,2012,199
Emacs Lisp,2012,170
Clojure,2012,142
TypeScript,2012,138
ActionScript,2012,129
XSLT,2012,122
Go,2012,111
JavaScript,2012,26724
Python,2012,19908
Ruby,2012,18591
Java,2012,13462
PHP,2012,12853
C++,2012,9933
C,2012,4163
Objective-C,2012,3181
C#,2012,3095
Scala,2012,1463
Shell,2012,1430
HTML,2012,1288
CSS,2012,1011
CoffeeScript,2012,874
Haskell,2012,802
Erlang,2012,586
Perl,2012,504
Emacs Lisp,2012,474
Go,2012,426
Clojure,2012,404
ActionScript,2012,390
Groovy,2012,362
ColdFusion,2012,303
Lua,2012,290
XSLT,2012,277
TypeScript,2012,248
Elixir,2012,211
Smalltalk,2012,210
Objective-J,2012,202
Vim script,2012,163
LiveScript,2012,142
D,2012,130
Common Lisp,2012,124
Factor,2012,120
Haxe,2012,116
Kotlin,2012,107
Brightscript,2012,106
AGS Script,2012,106
JavaScript,2012,31557
Python,2012,21936
Ruby,2012,18847
PHP,2012,16507
Java,2012,14231
C++,2012,10033
C,2012,4556
Objective-C,2012,3897
C#,2012,3685
HTML,2012,2406
Shell,2012,2176
CoffeeScript,2012,1582
AutoHotkey,2012,1515
CSS,2012,1287
Scala,2012,1204
Go,2012,1177
Haskell,2012,888
Emacs Lisp,2012,657
Clojure,2012,585
Erlang,2012,530
Jupyter Notebook,2012,527
Lua,2012,497
Perl,2012,414
Groovy,2012,404
Factor,2012,290
Objective-J,2012,268
TypeScript,2012,265
ActionScript,2012,256
XSLT,2012,191
ColdFusion,2012,188
LiveScript,2012,183
Vim script,2012,173
Smalltalk,2012,163
Elixir,2012,155
Haxe,2012,148
DCPU-16 ASM,2012,146
D,2012,131
VimL,2012,107
AGS Script,2012,106
JavaScript,2012,35627
Python,2012,29765
Ruby,2012,20850
PHP,2012,19848
Java,2012,17209
C++,2012,12373
C,2012,6160
Objective-C,2012,4644
C#,2012,4572
HTML,2012,2289
CoffeeScript,2012,2068
Scala,2012,1972
Shell,2012,1968
CSS,2012,1887
Haskell,2012,1559
Go,2012,1384
Lua,2012,1366
Emacs Lisp,2012,844
Erlang,2012,610
Perl,2012,535
Clojure,2012,481
TypeScript,2012,411
Elixir,2012,319
Groovy,2012,313
XSLT,2012,267
Vim script,2012,265
ColdFusion,2012,250
Common Lisp,2012,214
Visual Basic,2012,201
ActionScript,2012,173
Kotlin,2012,165
VimL,2012,153
LiveScript,2012,148
F#,2012,134
Objective-J,2012,121
Haxe,2012,114
Roff,2012,110
Matlab,2012,106
Racket,2012,101
JavaScript,2013,53707
Java,2013,37298
Python,2013,34261
Ruby,2013,29090
PHP,2013,28011
C++,2013,17814
C,2013,11148
C#,2013,6936
Objective-C,2013,6455
HTML,2013,4219
Scala,2013,3664
CSS,2013,3293
Shell,2013,3209
CoffeeScript,2013,2668
Go,2013,2056
TypeScript,2013,1382
Lua,2013,1335
Haskell,2013,1294
Emacs Lisp,2013,1160
Perl,2013,921
Objective-J,2013,752
Groovy,2013,731
Clojure,2013,609
Erlang,2013,589
ActionScript,2013,522
Vim script,2013,512
XSLT,2013,452
Jupyter Notebook,2013,430
ColdFusion,2013,289
SQF,2013,284
Julia,2013,281
Common Lisp,2013,257
Elixir,2013,253
Standard ML,2013,238
Kotlin,2013,220
Vala,2013,212
Haxe,2013,208
Cuda,2013,180
VimL,2013,165
OCaml,2013,152
TeX,2013,128
Matlab,2013,128
Dart,2013,124
PowerShell,2013,123
Factor,2013,118
Roff,2013,118
LiveScript,2013,110
AGS Script,2013,108
DM,2013,100
Pascal,2013,100
JavaScript,2013,62554
Python,2013,43459
Java,2013,32265
PHP,2013,31912
Ruby,2013,31140
C++,2013,16214
C,2013,10058
C#,2013,8437
Objective-C,2013,6368
CSS,2013,4465
HTML,2013,4047
Go,2013,3131
Shell,2013,2879
Scala,2013,2852
CoffeeScript,2013,2826
Lua,2013,1634
Perl,2013,1209
Haskell,2013,1209
Emacs Lisp,2013,1205
TypeScript,2013,1148
Erlang,2013,663
Vim script,2013,612
Groovy,2013,573
DM,2013,569
Clojure,2013,567
Elixir,2013,522
ActionScript,2013,409
Kotlin,2013,361
Puppet,2013,353
Vala,2013,335
Haxe,2013,335
XSLT,2013,330
Julia,2013,302
PostScript,2013,289
Dart,2013,272
Jupyter Notebook,2013,266
OCaml,2013,257
Common Lisp,2013,256
Objective-J,2013,223
VimL,2013,201
Swift,2013,197
ColdFusion,2013,189
Standard ML,2013,163
Matlab,2013,140
Makefile,2013,127
Factor,2013,117
PowerShell,2013,116
TeX,2013,112
LiveScript,2013,100
JavaScript,2013,79518
Python,2013,45367
Java,2013,35624
Ruby,2013,33098
PHP,2013,32796
C++,2013,16577
C,2013,11127
C#,2013,9499
Objective-C,2013,8331
CSS,2013,6582
HTML,2013,5838
Go,2013,4089
Scala,2013,3785
Shell,2013,3540
CoffeeScript,2013,3412
Lua,2013,2041
TypeScript,2013,2013
Haskell,2013,1500
Emacs Lisp,2013,1444
Perl,2013,1422
Groovy,2013,859
Erlang,2013,706
Clojure,2013,665
Vim script,2013,650
VimL,2013,647
XSLT,2013,643
Puppet,2013,589
Elixir,2013,586
Kotlin,2013,573
Julia,2013,479
Eiffel,2013,474
DM,2013,447
ActionScript,2013,436
Haxe,2013,361
TeX,2013,358
Swift,2013,350
OCaml,2013,313
Vala,2013,288
Jupyter Notebook,2013,267
D,2013,243
Dart,2013,241
Common Lisp,2013,228
PowerShell,2013,213
Rust,2013,208
Objective-J,2013,192
R,2013,190
ColdFusion,2013,186
Assembly,2013,162
Matlab,2013,159
F#,2013,150
API Blueprint,2013,134
LiveScript,2013,133
Smalltalk,2013,130
Visual Basic,2013,119
Scheme,2013,113
JavaScript,2013,92210
Python,2013,53499
Java,2013,41646
PHP,2013,38105
Ruby,2013,35217
C++,2013,26309
C#,2013,12978
C,2013,12138
Objective-C,2013,10617
HTML,2013,9827
CSS,2013,8236
Shell,2013,5221
Go,2013,4951
CoffeeScript,2013,4645
Scala,2013,4635
TypeScript,2013,2916
Perl,2013,2532
Emacs Lisp,2013,1791
Lua,2013,1597
Haskell,2013,1421
Swift,2013,1360
Groovy,2013,1340
Erlang,2013,1024
Kotlin,2013,1011
Clojure,2013,914
ActionScript,2013,722
Vim script,2013,610
Julia,2013,608
Puppet,2013,600
OCaml,2013,583
VimL,2013,487
F#,2013,480
Vala,2013,453
XSLT,2013,424
DM,2013,404
D,2013,377
Jupyter Notebook,2013,371
Elixir,2013,351
PowerShell,2013,345
TeX,2013,333
Brightscript,2013,299
Haxe,2013,278
Objective-J,2013,277
ColdFusion,2013,275
Rust,2013,265
Dart,2013,264
R,2013,245
LiveScript,2013,202
Ceylon,2013,187
Fortran,2013,167
Scheme,2013,163
Matlab,2013,152
Nix,2013,144
Common Lisp,2013,140
SCSS,2013,139
Eiffel,2013,128
Makefile,2013,116
QML,2013,114
Max,2013,113
Racket,2013,103
Tcl,2013,102
JavaScript,2014,124212
Python,2014,70525
Java,2014,59987
PHP,2014,52890
Ruby,2014,39506
C++,2014,24462
C,2014,16649
C#,2014,14511
Objective-C,2014,11957
HTML,2014,11416
CSS,2014,10483
CoffeeScript,2014,7286
Go,2014,6875
Shell,2014,6237
Scala,2014,5677
TypeScript,2014,4695
Clojure,2014,2275
Lua,2014,2166
Emacs Lisp,2014,2109
Haskell,2014,2072
Perl,2014,1722
Groovy,2014,1601
Kotlin,2014,1405
Erlang,2014,1124
Swift,2014,1110
Julia,2014,1043
Vim script,2014,979
Jupyter Notebook,2014,901
TeX,2014,792
DM,2014,708
F#,2014,696
Puppet,2014,673
Dart,2014,627
OCaml,2014,592
XSLT,2014,590
D,2014,546
Vala,2014,545
Apex,2014,528
Elixir,2014,508
PowerShell,2014,493
VimL,2014,486
Haxe,2014,464
ActionScript,2014,428
R,2014,405
Rust,2014,394
ColdFusion,2014,267
Roff,2014,254
Common Lisp,2014,252
Scheme,2014,237
QML,2014,236
Ragel in Ruby Host,2014,205
Nix,2014,199
LiveScript,2014,198
Brightscript,2014,195
Objective-J,2014,188
Makefile,2014,180
TSQL,2014,176
Assembly,2014,174
Standard ML,2014,155
PLpgSQL,2014,142
Matlab,2014,142
Visual Basic,2014,132
Max,2014,122
CMake,2014,117
ApacheConf,2014,110
Processing,2014,107
Mako,2014,105
JavaScript,2014,137097
Python,2014,80000
Java,2014,70886
PHP,2014,50665
Ruby,2014,43668
C++,2014,31904
C,2014,18007
C#,2014,17304
HTML,2014,15754
Objective-C,2014,13531
Haskell,2014,10940
CSS,2014,10717
Go,2014,10660
CoffeeScript,2014,8330
Shell,2014,7081
Scala,2014,6334
TypeScript,2014,6041
Lua,2014,2456
Emacs Lisp,2014,1950
Clojure,2014,1931
Rust,2014,1697
Perl,2014,1690
Groovy,2014,1558
Swift,2014,1531
Erlang,2014,1414
Kotlin,2014,1317
Julia,2014,1129
Jupyter Notebook,2014,1002
TeX,2014,906
Vim script,2014,799
F#,2014,791
Dart,2014,711
R,2014,702
DM,2014,651
Elixir,2014,599
ActionScript,2014,597
VimL,2014,550
D,2014,536
Puppet,2014,491
PowerShell,2014,475
Nix,2014,448
Apex,2014,405
OCaml,2014,398
Vala,2014,382
Haxe,2014,381
Objective-J,2014,377
Ragel in Ruby Host,2014,374
Makefile,2014,340
PLpgSQL,2014,323
XSLT,2014,317
Standard ML,2014,309
Common Lisp,2014,293
LiveScript,2014,288
Assembly,2014,275
QML,2014,263
Matlab,2014,225
Fortran,2014,225
Roff,2014,213
ColdFusion,2014,183
Visual Basic,2014,179
TSQL,2014,178
Scheme,2014,177
Eagle,2014,167
ASP,2014,156
Smalltalk,2014,147
MATLAB,2014,144
Prolog,2014,135
Ceylon,2014,131
SourcePawn,2014,129
CMake,2014,117
1C Enterprise,2014,116
Arduino,2014,115
Racket,2014,108
Gettext Catalog,2014,104
SQF,2014,102
SQL,2014,100
JavaScript,2014,155730
Python,2014,80733
Java,2014,65404
PHP,2014,58587
Ruby,2014,43085
C++,2014,32832
C#,2014,23982
C,2014,18428
HTML,2014,18089
Objective-C,2014,14475
Go,2014,13886
CSS,2014,12032
CoffeeScript,2014,9754
Shell,2014,8707
TypeScript,2014,8480
Scala,2014,8100
Haskell,2014,4152
Swift,2014,2896
Lua,2014,2869
Clojure,2014,2344
Rust,2014,2241
Emacs Lisp,2014,2147
Groovy,2014,1925
Perl,2014,1731
Kotlin,2014,1529
Erlang,2014,1375
Julia,2014,1368
Jupyter Notebook,2014,1276
Elixir,2014,1106
R,2014,1052
F#,2014,965
Dart,2014,765
DM,2014,739
Vim script,2014,724
ActionScript,2014,719
Makefile,2014,706
PowerShell,2014,600
OCaml,2014,591
D,2014,588
Apex,2014,584
TeX,2014,507
Objective-J,2014,455
VimL,2014,452
Puppet,2014,448
Assembly,2014,442
Vala,2014,397
ColdFusion,2014,388
Nix,2014,375
Haxe,2014,372
Common Lisp,2014,330
XSLT,2014,318
MATLAB,2014,249
Matlab,2014,248
Fortran,2014,248
SQF,2014,210
Smalltalk,2014,198
LiveScript,2014,195
Visual Basic,2014,195
TSQL,2014,185
1C Enterprise,2014,173
Inno Setup,2014,171
SourcePawn,2014,170
Ceylon,2014,165
Arduino,2014,164
Standard ML,2014,158
Scheme,2014,154
QML,2014,151
Eagle,2014,147
PostScript,2014,142
PLpgSQL,2014,140
Pascal,2014,137
Roff,2014,137
CMake,2014,125
ApacheConf,2014,118
Dockerfile,2014,114
ooc,2014,110
Cuda,2014,107
Xtend,2014,105
JavaScript,2014,179390
Python,2014,81662
Java,2014,74304
PHP,2014,64516
C++,2014,53125
Ruby,2014,47394
C#,2014,22183
C,2014,20525
HTML,2014,17257
Go,2014,16332
Objective-C,2014,14187
CSS,2014,13285
TypeScript,2014,10732
Shell,2014,9887
CoffeeScript,2014,9738
Scala,2014,7946
Lua,2014,4067
Swift,2014,3917
Clojure,2014,3495
Haskell,2014,3213
Rust,2014,3117
Kotlin,2014,3000
Groovy,2014,2614
Emacs Lisp,2014,2482
Perl,2014,2101
Erlang,2014,1575
F#,2014,1499
DM,2014,1390
R,2014,1144
Julia,2014,1128
Makefile,2014,1099
Jupyter Notebook,2014,1042
Vim script,2014,991
OCaml,2014,969
Haxe,2014,787
Dart,2014,731
TeX,2014,717
Elixir,2014,659
PowerShell,2014,655
ActionScript,2014,609
Puppet,2014,609
Nix,2014,585
XSLT,2014,565
Visual Basic,2014,540
VimL,2014,489
Apex,2014,446
Vala,2014,410
TSQL,2014,410
QML,2014,383
D,2014,380
Common Lisp,2014,378
PostScript,2014,342
Matlab,2014,337
MATLAB,2014,324
Dockerfile,2014,275
ColdFusion,2014,258
Eagle,2014,254
Objective-J,2014,254
SQF,2014,248
Smalltalk,2014,228
Gherkin,2014,211
Pascal,2014,207
SCSS,2014,193
PLpgSQL,2014,192
SourcePawn,2014,185
Fortran,2014,184
Assembly,2014,176
PureScript,2014,164
LiveScript,2014,159
Factor,2014,158
CMake,2014,157
F*,2014,154
ApacheConf,2014,152
LabVIEW,2014,147
Mathematica,2014,142
Scheme,2014,142
Standard ML,2014,141
Elm,2014,127
OpenEdge ABL,2014,123
Arduino,2014,115
Tcl,2014,114
Batchfile,2014,110
ABAP,2014,110
Ceylon,2014,102
JavaScript,2015,222962
Python,2015,111594
Java,2015,94969
PHP,2015,79557
Ruby,2015,55780
C++,2015,43846
C#,2015,32578
HTML,2015,26450
C,2015,24850
Go,2015,23597
CSS,2015,17468
Objective-C,2015,15661
TypeScript,2015,14234
Shell,2015,13407
CoffeeScript,2015,13404
Scala,2015,9091
Lua,2015,5154
Swift,2015,5049
Haskell,2015,4222
Rust,2015,4122
Kotlin,2015,4020
Clojure,2015,3225
Groovy,2015,3214
Emacs Lisp,2015,2977
Perl,2015,2826
Erlang,2015,1818
R,2015,1774
DM,2015,1676
Dart,2015,1658
Jupyter Notebook,2015,1585
TeX,2015,1490
Julia,2015,1453
F#,2015,1348
Makefile,2015,1321
PowerShell,2015,1112
OCaml,2015,1032
Vim script,2015,1001
Elixir,2015,888
Puppet,2015,878
Nix,2015,790
Haxe,2015,704
D,2015,700
ApacheConf,2015,685
QML,2015,662
Vala,2015,658
ActionScript,2015,555
VimL,2015,547
Visual Basic,2015,542
MATLAB,2015,523
XSLT,2015,523
Apex,2015,492
ColdFusion,2015,490
PLpgSQL,2015,483
TSQL,2015,473
Matlab,2015,458
PureScript,2015,453
Assembly,2015,400
Common Lisp,2015,393
Smalltalk,2015,380
Dockerfile,2015,375
PLSQL,2015,371
CMake,2015,366
SQF,2015,334
Pascal,2015,334
PostScript,2015,271
Eagle,2015,267
SourcePawn,2015,266
SCSS,2015,258
LabVIEW,2015,249
LiveScript,2015,248
Scheme,2015,248
Fortran,2015,219
Objective-J,2015,205
Roff,2015,202
Prolog,2015,189
1C Enterprise,2015,183
Hack,2015,178
Racket,2015,177
Gherkin,2015,176
Arduino,2015,170
Elm,2015,161
Standard ML,2015,152
M,2015,149
AutoHotkey,2015,148
F*,2015,146
Cucumber,2015,133
Rich Text Format,2015,127
Inno Setup,2015,127
Mako,2015,121
Max,2015,116
Cuda,2015,109
Vue,2015,109
Smarty,2015,107
Perl 6,2015,106
Web Ontology Language,2015,104
OpenEdge ABL,2015,102
Mathematica,2015,101
Processing,2015,100
SQLPL,2015,100
JavaScript,2015,252257
Python,2015,124291
Java,2015,107854
PHP,2015,82429
Ruby,2015,53894
C++,2015,48149
C#,2015,37234
Go,2015,32800
HTML,2015,29012
C,2015,27949
TypeScript,2015,19885
CSS,2015,19800
Objective-C,2015,17164
CoffeeScript,2015,16133
Shell,2015,16022
Scala,2015,11014
Swift,2015,8403
Dart,2015,6293
Rust,2015,4919
Lua,2015,4820
Kotlin,2015,4718
Haskell,2015,4316
Perl,2015,4061
Groovy,2015,3500
Clojure,2015,3168
Emacs Lisp,2015,2853
R,2015,2464
Erlang,2015,2358
DM,2015,1886
OCaml,2015,1836
PowerShell,2015,1429
F#,2015,1401
Jupyter Notebook,2015,1358
Julia,2015,1342
Makefile,2015,1267
Elixir,2015,1260
Vim script,2015,1202
TeX,2015,1170
PLpgSQL,2015,904
Smalltalk,2015,897
TSQL,2015,777
Haxe,2015,758
QML,2015,747
Puppet,2015,730
Nix,2015,722
D,2015,709
MATLAB,2015,705
Vala,2015,655
Pascal,2015,619
ActionScript,2015,609
Visual Basic,2015,604
Matlab,2015,596
XSLT,2015,588
VimL,2015,582
SQF,2015,519
Common Lisp,2015,505
CMake,2015,505
PureScript,2015,479
Dockerfile,2015,456
Apex,2015,448
Assembly,2015,351
PLSQL,2015,346
Fortran,2015,290
LiveScript,2015,269
Batchfile,2015,260
Eagle,2015,259
ApacheConf,2015,258
Elm,2015,249
Scheme,2015,215
APL,2015,213
VHDL,2015,206
Standard ML,2015,203
ColdFusion,2015,184
Arduino,2015,176
ASP,2015,175
Nginx,2015,171
Thrift,2015,163
OpenSCAD,2015,163
SCSS,2015,163
F*,2015,159
Racket,2015,159
Inno Setup,2015,158
Roff,2015,154
XQuery,2015,150
GDScript,2015,147
AutoHotkey,2015,147
Cuda,2015,138
Mathematica,2015,135
SourcePawn,2015,129
PostScript,2015,127
Objective-J,2015,122
AutoIt,2015,120
Logos,2015,120
ABAP,2015,108
Protocol Buffer,2015,105
Crystal,2015,105
Gherkin,2015,103
1C Enterprise,2015,101
Smarty,2015,100
Nim,2015,100
JavaScript,2015,271532
Python,2015,129702
Java,2015,113249
PHP,2015,88872
Ruby,2015,54521
C++,2015,52891
C#,2015,41701
Go,2015,39090
HTML,2015,34773
C,2015,28871
TypeScript,2015,21894
CSS,2015,19055
Objective-C,2015,18906
Shell,2015,18094
CoffeeScript,2015,13997
Scala,2015,11573
Swift,2015,10110
Lua,2015,5611
Rust,2015,4298
Kotlin,2015,4228
Haskell,2015,4151
Clojure,2015,3872
Emacs Lisp,2015,3709
Dart,2015,3688
Perl,2015,3339
R,2015,3231
Groovy,2015,3104
Erlang,2015,2520
Jupyter Notebook,2015,2248
Elixir,2015,2196
DM,2015,2138
Julia,2015,1926
PowerShell,2015,1625
F#,2015,1615
TeX,2015,1591
Makefile,2015,1578
OCaml,2015,1335
Vim script,2015,1200
QML,2015,944
Visual Basic,2015,850
Haxe,2015,801
PLpgSQL,2015,775
Smalltalk,2015,733
Nix,2015,726
Dockerfile,2015,700
TSQL,2015,677
D,2015,669
Puppet,2015,654
CMake,2015,627
ActionScript,2015,602
Vala,2015,593
Eiffel,2015,569
XSLT,2015,549
MATLAB,2015,536
Matlab,2015,512
Pascal,2015,458
ApacheConf,2015,444
PureScript,2015,442
Elm,2015,429
SQF,2015,424
VimL,2015,422
Arduino,2015,422
Logos,2015,354
ColdFusion,2015,347
Apex,2015,314
Common Lisp,2015,305
LiveScript,2015,292
Racket,2015,292
Batchfile,2015,291
Objective-C++,2015,278
Roff,2015,274
Standard ML,2015,270
Nginx,2015,260
Fortran,2015,245
SourcePawn,2015,217
Gherkin,2015,196
F*,2015,192
Eagle,2015,185
Perl 6,2015,183
Vue,2015,182
ABAP,2015,177
Assembly,2015,174
PLSQL,2015,163
AutoHotkey,2015,160
Cuda,2015,148
Factor,2015,145
ooc,2015,145
Prolog,2015,144
Scheme,2015,143
Lasso,2015,134
HCL,2015,130
Smarty,2015,129
Crystal,2015,129
Objective-J,2015,123
Tcl,2015,120
SCSS,2015,119
Inno Setup,2015,119
Protocol Buffer,2015,119
Mathematica,2015,118
Xtend,2015,114
Papyrus,2015,112
Thrift,2015,111
Ceylon,2015,108
GDScript,2015,107
AppleScript,2015,100
JavaScript,2015,289862
Python,2015,137574
Java,2015,125350
PHP,2015,89955
C++,2015,61457
Ruby,2015,54106
C#,2015,49762
Go,2015,42766
HTML,2015,36431
C,2015,32525
TypeScript,2015,29695
Shell,2015,19943
Objective-C,2015,19782
CSS,2015,19748
Swift,2015,13358
CoffeeScript,2015,12287
Scala,2015,10665
Lua,2015,6690
Kotlin,2015,5144
Clojure,2015,4960
Rust,2015,4754
Haskell,2015,4622
Dart,2015,4421
Perl,2015,4007
Emacs Lisp,2015,3395
Groovy,2015,3360
R,2015,2749
Jupyter Notebook,2015,2666
Erlang,2015,2598
DM,2015,2319
Elixir,2015,2197
TeX,2015,2012
Julia,2015,1895
PowerShell,2015,1821
F#,2015,1702
Makefile,2015,1598
OCaml,2015,1539
Vim script,2015,1231
Nix,2015,1094
Pascal,2015,988
QML,2015,976
Dockerfile,2015,937
Puppet,2015,809
Visual Basic,2015,711
Haxe,2015,682
PLpgSQL,2015,680
Vala,2015,609
Matlab,2015,593
D,2015,568
CMake,2015,550
Elm,2015,546
Perl 6,2015,525
TSQL,2015,519
MATLAB,2015,479
VimL,2015,452
PureScript,2015,444
ActionScript,2015,420
Fortran,2015,417
Prolog,2015,415
Apex,2015,394
ooc,2015,389
XSLT,2015,389
Vue,2015,375
Assembly,2015,371
Nginx,2015,329
Batchfile,2015,311
Arduino,2015,299
Common Lisp,2015,298
Smalltalk,2015,288
Roff,2015,273
ColdFusion,2015,267
PLSQL,2015,243
AutoHotkey,2015,238
ApacheConf,2015,237
SourcePawn,2015,234
LiveScript,2015,228
SQF,2015,226
GDScript,2015,225
Ceylon,2015,219
Objective-C++,2015,208
Eagle,2015,201
Scheme,2015,184
1C Enterprise,2015,178
Racket,2015,174
Standard ML,2015,165
Gherkin,2015,160
OpenEdge ABL,2015,157
Cuda,2015,155
Protocol Buffer,2015,149
Xtend,2015,147
Web Ontology Language,2015,139
PostScript,2015,135
Game Maker Language,2015,135
Rascal,2015,133
Crystal,2015,130
Hack,2015,125
Inno Setup,2015,122
SCSS,2015,119
Groff,2015,119
Smarty,2015,113
ABAP,2015,108
Modelica,2015,106
Processing,2015,102
NSIS,2015,101
JavaScript,2016,341480
Python,2016,156217
Java,2016,141490
PHP,2016,102200
C++,2016,68959
Ruby,2016,59768
Go,2016,56474
C#,2016,55768
TypeScript,2016,42218
HTML,2016,41575
C,2016,34996
Shell,2016,24058
CSS,2016,23708
Objective-C,2016,18937
Swift,2016,16074
Scala,2016,12614
CoffeeScript,2016,11845
Rust,2016,7529
Lua,2016,6925
Kotlin,2016,6899
Dart,2016,4789
Perl,2016,4742
Haskell,2016,4630
Jupyter Notebook,2016,4285
Clojure,2016,4205
Groovy,2016,3856
Emacs Lisp,2016,3403
R,2016,3297
Erlang,2016,2900
Elixir,2016,2708
PowerShell,2016,2634
DM,2016,2360
OCaml,2016,2087
TeX,2016,1937
Vim script,2016,1907
Julia,2016,1756
Makefile,2016,1686
Visual Basic,2016,1583
F#,2016,1397
Nix,2016,1308
D,2016,1135
Dockerfile,2016,1026
Pascal,2016,1003
TSQL,2016,965
Vala,2016,952
QML,2016,796
Haxe,2016,774
Smalltalk,2016,771
Puppet,2016,742
MATLAB,2016,714
Matlab,2016,691
Vue,2016,546
PLpgSQL,2016,542
Elm,2016,534
CMake,2016,514
XSLT,2016,464
Fortran,2016,455
VimL,2016,446
Common Lisp,2016,439
PureScript,2016,422
Apex,2016,417
SQF,2016,398
ActionScript,2016,390
Arduino,2016,370
Batchfile,2016,365
Assembly,2016,350
SourcePawn,2016,340
PLSQL,2016,339
Perl 6,2016,304
ColdFusion,2016,301
Crystal,2016,299
LiveScript,2016,288
Smarty,2016,285
Cuda,2016,278
Objective-C++,2016,274
Rascal,2016,269
Nginx,2016,267
1C Enterprise,2016,266
Scheme,2016,265
ooc,2016,240
Roff,2016,240
ABAP,2016,237
OpenEdge ABL,2016,231
Standard ML,2016,227
VHDL,2016,193
Xtend,2016,192
Eagle,2016,189
AutoHotkey,2016,188
Gherkin,2016,174
Protocol Buffer,2016,168
HCL,2016,168
Ceylon,2016,160
GLSL,2016,154
Racket,2016,152
BitBake,2016,151
Factor,2016,144
Ada,2016,140
PostScript,2016,132
ASP,2016,131
Processing,2016,130
Inform 7,2016,129
GDScript,2016,128
SCSS,2016,127
SQLPL,2016,126
Pawn,2016,116
WebAssembly,2016,116
Verilog,2016,116
Prolog,2016,115
FORTRAN,2016,113
SaltStack,2016,111
Jinja,2016,108
Rich Text Format,2016,103
JavaScript,2016,319149
Python,2016,155586
Java,2016,144151
PHP,2016,93859
C++,2016,66252
Ruby,2016,58896
Go,2016,58174
C#,2016,57742
TypeScript,2016,55301
C,2016,46635
HTML,2016,37118
CSS,2016,23638
Shell,2016,23418
Objective-C,2016,17917
Swift,2016,17834
Scala,2016,12367
CoffeeScript,2016,9997
Lua,2016,7401
Kotlin,2016,7336
Rust,2016,6204
Haskell,2016,5056
Perl,2016,4197
Groovy,2016,4157
Jupyter Notebook,2016,4113
Dart,2016,4077
Clojure,2016,3854
R,2016,3438
Elixir,2016,3217
Emacs Lisp,2016,2874
PowerShell,2016,2659
Erlang,2016,2631
TeX,2016,2251
DM,2016,2195
OCaml,2016,2126
Julia,2016,2003
Makefile,2016,1538
Vim script,2016,1491
F#,2016,1386
Nix,2016,1180
Visual Basic,2016,1063
Dockerfile,2016,1015
PLpgSQL,2016,1014
Vue,2016,969
Haxe,2016,960
Matlab,2016,850
Smalltalk,2016,847
D,2016,830
QML,2016,770
Elm,2016,751
SQF,2016,710
TSQL,2016,702
Common Lisp,2016,673
Vala,2016,654
CMake,2016,651
MATLAB,2016,584
Pascal,2016,569
Puppet,2016,562
ActionScript,2016,555
Ceylon,2016,526
SourcePawn,2016,475
PureScript,2016,451
Fortran,2016,430
Objective-C++,2016,421
Batchfile,2016,405
XSLT,2016,403
Perl 6,2016,369
Roff,2016,340
Apex,2016,339
Scheme,2016,332
SAS,2016,331
Arduino,2016,324
Crystal,2016,308
VimL,2016,292
Tcl,2016,290
Web Ontology Language,2016,286
ColdFusion,2016,281
1C Enterprise,2016,277
SQLPL,2016,277
Assembly,2016,266
Nginx,2016,265
PLSQL,2016,259
SCSS,2016,247
AutoHotkey,2016,231
Processing,2016,228
OpenEdge ABL,2016,224
GDScript,2016,219
GAP,2016,213
ABAP,2016,212
Xtend,2016,209
Rascal,2016,202
Racket,2016,197
Cuda,2016,188
GLSL,2016,182
Gherkin,2016,181
BitBake,2016,177
Standard ML,2016,171
PostScript,2016,159
Rich Text Format,2016,158
HCL,2016,158
Pawn,2016,157
ApacheConf,2016,150
Eagle,2016,144
YAML,2016,142
Protocol Buffer,2016,141
Smarty,2016,138
F*,2016,137
ASP,2016,136
LiveScript,2016,131
Prolog,2016,125
KiCad,2016,116
VHDL,2016,111
SaltStack,2016,111
Inno Setup,2016,108
FORTRAN,2016,106
JavaScript,2016,300925
Python,2016,158667
Java,2016,147798
PHP,2016,90222
C#,2016,69820
TypeScript,2016,69819
C++,2016,64794
Go,2016,59166
Ruby,2016,51250
C,2016,34084
HTML,2016,32927
Shell,2016,22577
CSS,2016,20877
Swift,2016,20687
Objective-C,2016,18339
Scala,2016,11051
CoffeeScript,2016,8932
Kotlin,2016,8399
Lua,2016,7579
Rust,2016,6482
Jupyter Notebook,2016,4699
Haskell,2016,4616
Elixir,2016,3669
Clojure,2016,3591
Dart,2016,3590
Perl,2016,3444
Groovy,2016,3040
R,2016,2997
Emacs Lisp,2016,2678
PowerShell,2016,2560
OCaml,2016,2262
Erlang,2016,2206
Julia,2016,2074
Vim script,2016,1639
Vue,2016,1628
F#,2016,1384
TeX,2016,1376
Makefile,2016,1367
Nix,2016,1325
DM,2016,1302
Dockerfile,2016,1022
Visual Basic,2016,930
Vala,2016,899
SourcePawn,2016,852
Haxe,2016,819
QML,2016,790
Matlab,2016,743
Pascal,2016,726
MATLAB,2016,686
D,2016,659
Elm,2016,651
PLpgSQL,2016,619
Objective-C++,2016,598
Ceylon,2016,597
Perl 6,2016,552
Puppet,2016,548
ColdFusion,2016,545
Roff,2016,502
SQF,2016,491
TSQL,2016,453
PureScript,2016,449
CMake,2016,429
Common Lisp,2016,425
Apex,2016,420
Fortran,2016,402
Smalltalk,2016,390
Batchfile,2016,387
Crystal,2016,368
Scheme,2016,352
XSLT,2016,326
Nginx,2016,326
Standard ML,2016,321
Arduino,2016,310
PLSQL,2016,307
Gherkin,2016,299
Web Ontology Language,2016,289
SCSS,2016,266
ActionScript,2016,264
AutoHotkey,2016,259
Racket,2016,246
Processing,2016,246
Cuda,2016,246
BitBake,2016,244
Assembly,2016,240
F*,2016,232
ABAP,2016,204
SaltStack,2016,203
HCL,2016,202
OpenEdge ABL,2016,197
RobotFramework,2016,197
Rascal,2016,197
Pawn,2016,196
Jinja,2016,185
1C Enterprise,2016,178
VimL,2016,176
Tcl,2016,175
Xtend,2016,166
GDScript,2016,166
GLSL,2016,164
Eagle,2016,162
LabVIEW,2016,154
Protocol Buffer,2016,136
PostScript,2016,133
LiveScript,2016,132
VHDL,2016,124
Nim,2016,111
ASP,2016,110
Smarty,2016,108
Ada,2016,107
Max,2016,106
Pug,2016,105
SQLPL,2016,102
Objective-J,2016,102
JavaScript,2016,294457
Java,2016,167850
Python,2016,156299
PHP,2016,88617
TypeScript,2016,76790
C++,2016,66106
Go,2016,63683
C#,2016,59464
Ruby,2016,48860
HTML,2016,36111
C,2016,35647
Shell,2016,23655
Swift,2016,22337
CSS,2016,22177
Objective-C,2016,16691
Scala,2016,12524
CoffeeScript,2016,8065
Lua,2016,7562
Kotlin,2016,6910
Rust,2016,6302
Perl,2016,6040
Jupyter Notebook,2016,4911
Vue,2016,4307
Elixir,2016,4035
Haskell,2016,3770
Dart,2016,3681
Clojure,2016,3570
R,2016,3287
Groovy,2016,3089
Emacs Lisp,2016,2629
PowerShell,2016,2621
OCaml,2016,2542
Erlang,2016,2426
Vim script,2016,2064
F#,2016,1675
TeX,2016,1432
Julia,2016,1426
DM,2016,1421
Makefile,2016,1363
Nix,2016,1234
Dockerfile,2016,1175
Visual Basic,2016,1089
Elm,2016,999
MATLAB,2016,934
Haxe,2016,837
Pascal,2016,777
QML,2016,753
Vala,2016,752
CMake,2016,742
D,2016,734
TSQL,2016,668
PLpgSQL,2016,649
Matlab,2016,621
Smalltalk,2016,601
Objective-C++,2016,591
Common Lisp,2016,574
Roff,2016,571
SQF,2016,565
Gherkin,2016,534
Fortran,2016,496
AutoHotkey,2016,488
SourcePawn,2016,471
Puppet,2016,464
ColdFusion,2016,438
XSLT,2016,426
Crystal,2016,415
Perl 6,2016,400
PureScript,2016,396
Cuda,2016,364
Apex,2016,336
Web Ontology Language,2016,313
Arduino,2016,310
Ceylon,2016,308
Batchfile,2016,305
BitBake,2016,294
Rascal,2016,293
VHDL,2016,289
1C Enterprise,2016,288
ABAP,2016,287
Visual Basic .NET,2016,275
PLSQL,2016,272
Scheme,2016,270
SCSS,2016,266
Assembly,2016,262
PostScript,2016,262
NSIS,2016,248
HCL,2016,243
OpenEdge ABL,2016,236
Pawn,2016,232
Jinja,2016,231
ActionScript,2016,230
Standard ML,2016,217
Nginx,2016,191
Verilog,2016,183
RobotFramework,2016,180
Eagle,2016,174
ASP,2016,160
LiveScript,2016,150
YAML,2016,141
F*,2016,138
Smarty,2016,136
VimL,2016,135
GLSL,2016,125
Racket,2016,125
Nim,2016,125
LabVIEW,2016,124
ZenScript,2016,122
GDScript,2016,117
Xtend,2016,112
Rich Text Format,2016,104
Nunjucks,2016,103
M,2016,102
JavaScript,2017,324223
Java,2017,186563
Python,2017,186405
PHP,2017,100275
TypeScript,2017,92129
Go,2017,82613
C++,2017,76431
C#,2017,68483
Ruby,2017,54339
HTML,2017,41473
C,2017,39523
Shell,2017,27348
CSS,2017,22527
Swift,2017,21589
Objective-C,2017,16485
Scala,2017,14967
Kotlin,2017,9760
Lua,2017,9386
Rust,2017,9213
CoffeeScript,2017,7774
Vue,2017,6841
Jupyter Notebook,2017,6063
Dart,2017,5062
Perl,2017,4922
R,2017,4613
Elixir,2017,4380
Haskell,2017,4316
Clojure,2017,4038
Groovy,2017,3841
Vim script,2017,3231
PowerShell,2017,3151
Emacs Lisp,2017,2800
Erlang,2017,2685
OCaml,2017,2679
DM,2017,2231
TeX,2017,1746
Nix,2017,1552
Makefile,2017,1537
F#,2017,1512
Dockerfile,2017,1384
Julia,2017,1294
Vala,2017,1219
Elm,2017,1194
Visual Basic,2017,1076
MATLAB,2017,1045
D,2017,994
Objective-C++,2017,953
Batchfile,2017,908
TSQL,2017,844
PLpgSQL,2017,809
Pascal,2017,789
QML,2017,723
Haxe,2017,713
Fortran,2017,694
Smalltalk,2017,675
Roff,2017,649
Gherkin,2017,600
CMake,2017,582
Matlab,2017,560
SQF,2017,559
Common Lisp,2017,539
XSLT,2017,538
PureScript,2017,535
Apex,2017,525
Puppet,2017,493
UnrealScript,2017,486
Crystal,2017,464
RobotFramework,2017,451
SourcePawn,2017,440
Smarty,2017,420
Perl 6,2017,400
HCL,2017,391
AutoHotkey,2017,386
Web Ontology Language,2017,372
Arduino,2017,352
ActionScript,2017,343
SCSS,2017,333
ColdFusion,2017,329
ABAP,2017,301
GLSL,2017,296
PLSQL,2017,291
Assembly,2017,259
PostScript,2017,256
Jinja,2017,252
Racket,2017,248
Scheme,2017,242
Visual Basic .NET,2017,205
VHDL,2017,204
NSIS,2017,199
Nim,2017,199
Rascal,2017,199
Cuda,2017,197
Nunjucks,2017,192
Verilog,2017,191
BitBake,2017,189
Pawn,2017,188
1C Enterprise,2017,187
AutoIt,2017,168
Hack,2017,167
Logos,2017,160
Standard ML,2017,157
F*,2017,154
Xtend,2017,152
FreeMarker,2017,151
Rich Text Format,2017,145
Common Workflow Language,2017,144
Tcl,2017,142
Protocol Buffer,2017,133
KiCad,2017,131
Ceylon,2017,123
GDScript,2017,122
ZenScript,2017,117
SaltStack,2017,114
LabVIEW,2017,108
Inform 7,2017,107
OpenEdge ABL,2017,106
ASP,2017,101
JavaScript,2017,315237
Python,2017,182148
Java,2017,181404
TypeScript,2017,98231
PHP,2017,94812
C++,2017,76783
Go,2017,75156
C#,2017,63485
Ruby,2017,50332
C,2017,37890
HTML,2017,37215
Shell,2017,26722
CSS,2017,22059
Swift,2017,19818
Objective-C,2017,14726
Scala,2017,14014
Kotlin,2017,11457
Lua,2017,9580
Rust,2017,9270
Vue,2017,8247
CoffeeScript,2017,6487
Jupyter Notebook,2017,6068
R,2017,4847
Dart,2017,4675
Haskell,2017,4612
Perl,2017,4334
Elixir,2017,4122
Groovy,2017,3849
PowerShell,2017,3700
Clojure,2017,3446
Emacs Lisp,2017,3288
Vim script,2017,2793
Erlang,2017,2445
DM,2017,2414
OCaml,2017,2379
TeX,2017,2120
Vala,2017,2030
F#,2017,1734
Makefile,2017,1645
Nix,2017,1457
Julia,2017,1266
Dockerfile,2017,1230
HCL,2017,1131
Elm,2017,1055
PLpgSQL,2017,1017
QML,2017,942
MATLAB,2017,876
Matlab,2017,875
D,2017,815
Visual Basic,2017,780
FreeMarker,2017,738
Crystal,2017,670
Pascal,2017,670
CMake,2017,647
Smalltalk,2017,643
SQF,2017,599
Common Lisp,2017,598
PureScript,2017,578
Gherkin,2017,558
Haxe,2017,548
Fortran,2017,526
Perl 6,2017,520
Objective-C++,2017,506
Visual Basic .NET,2017,498
Roff,2017,492
RobotFramework,2017,482
Jinja,2017,473
XSLT,2017,453
Puppet,2017,434
Verilog,2017,402
ColdFusion,2017,396
TSQL,2017,390
SourcePawn,2017,386
Arduino,2017,385
SCSS,2017,380
BitBake,2017,367
Batchfile,2017,363
Apex,2017,339
Cuda,2017,321
UnrealScript,2017,304
Scheme,2017,288
GLSL,2017,267
Rascal,2017,256
PLSQL,2017,256
AutoHotkey,2017,253
F*,2017,249
Assembly,2017,236
Nim,2017,233
ABAP,2017,233
Smarty,2017,229
GDScript,2017,210
ActionScript,2017,207
Racket,2017,207
PostScript,2017,206
Rich Text Format,2017,203
Standard ML,2017,198
Nunjucks,2017,191
VHDL,2017,185
Starlark,2017,182
1C Enterprise,2017,160
Web Ontology Language,2017,151
LabVIEW,2017,126
Hack,2017,125
Ceylon,2017,125
ASP,2017,125
LiveScript,2017,117
YAML,2017,110
NSIS,2017,110
Stata,2017,106
Logos,2017,103
KiCad,2017,102
Xtend,2017,100
JavaScript,2017,309826
Python,2017,180257
Java,2017,161263
TypeScript,2017,94605
PHP,2017,91850
C++,2017,76781
Go,2017,73656
C#,2017,63017
Ruby,2017,42102
C,2017,36779
HTML,2017,33327
Shell,2017,25190
CSS,2017,21251
Swift,2017,19201
Objective-C,2017,13900
Kotlin,2017,12687
Scala,2017,12317
Vue,2017,9386
Rust,2017,8935
Lua,2017,8394
Jupyter Notebook,2017,5916
CoffeeScript,2017,5471
Elixir,2017,4815
R,2017,4426
Dart,2017,3890
Haskell,2017,3845
Groovy,2017,3778
Perl,2017,3479
PowerShell,2017,3401
Emacs Lisp,2017,3291
OCaml,2017,2955
Clojure,2017,2865
Erlang,2017,2782
Vim script,2017,2517
Makefile,2017,1923
F#,2017,1844
Vala,2017,1840
DM,2017,1724
Nix,2017,1521
TeX,2017,1325
Pascal,2017,1309
Dockerfile,2017,1265
Julia,2017,1113
D,2017,1085
PLpgSQL,2017,1035
Elm,2017,997
MATLAB,2017,906
FreeMarker,2017,738
TSQL,2017,716
SourcePawn,2017,713
HCL,2017,712
Visual Basic,2017,678
QML,2017,665
Fortran,2017,632
Perl 6,2017,625
Matlab,2017,617
Crystal,2017,599
CMake,2017,590
Puppet,2017,543
Assembly,2017,513
Common Lisp,2017,512
Smalltalk,2017,505
Visual Basic .NET,2017,503
RobotFramework,2017,494
Gherkin,2017,485
PureScript,2017,476
Racket,2017,461
XSLT,2017,452
Roff,2017,440
Apex,2017,422
SQF,2017,408
AutoHotkey,2017,406
Haxe,2017,398
PLSQL,2017,386
Xtend,2017,329
ColdFusion,2017,329
SCSS,2017,320
Nim,2017,318
BitBake,2017,316
Cuda,2017,309
PostScript,2017,305
ABAP,2017,299
Rascal,2017,294
Starlark,2017,244
Smarty,2017,239
Arduino,2017,239
Uno,2017,230
Scheme,2017,229
Batchfile,2017,220
Standard ML,2017,218
Jinja,2017,211
Verilog,2017,210
Nunjucks,2017,205
ActionScript,2017,196
VHDL,2017,194
GDScript,2017,175
F*,2017,174
API Blueprint,2017,174
Objective-C++,2017,166
GLSL,2017,160
UnrealScript,2017,157
LabVIEW,2017,149
1C Enterprise,2017,141
Stata,2017,128
Hack,2017,124
Tcl,2017,122
Mathematica,2017,114
LLVM,2017,109
JavaScript,2017,283325
Python,2017,175155
Java,2017,153401
TypeScript,2017,95794
PHP,2017,89540
C++,2017,79436
Go,2017,68869
C#,2017,63705
C,2017,36786
Ruby,2017,36779
HTML,2017,30703
Shell,2017,22518
Swift,2017,20244
CSS,2017,19493
Objective-C,2017,13508
Kotlin,2017,13027
Vue,2017,10824
Scala,2017,10545
Rust,2017,7879
Lua,2017,5975
Jupyter Notebook,2017,5770
CoffeeScript,2017,5198
Dart,2017,3977
Fortran,2017,3933
Groovy,2017,3899
Elixir,2017,3899
R,2017,3806
PowerShell,2017,3676
Perl,2017,3565
Clojure,2017,3454
Emacs Lisp,2017,3241
Haskell,2017,3002
OCaml,2017,2982
Vim script,2017,2308
DM,2017,2184
Erlang,2017,2160
Vala,2017,1780
Nix,2017,1729
Dockerfile,2017,1450
Makefile,2017,1327
F#,2017,1293
TeX,2017,1268
MATLAB,2017,1121
Pascal,2017,958
Julia,2017,899
PLpgSQL,2017,837
Visual Basic,2017,822
Roff,2017,790
Elm,2017,784
Crystal,2017,735
D,2017,606
TSQL,2017,587
SourcePawn,2017,565
CMake,2017,552
SQF,2017,524
FreeMarker,2017,502
QML,2017,500
Gherkin,2017,485
Matlab,2017,480
HCL,2017,474
Haxe,2017,447
Common Lisp,2017,404
GLSL,2017,402
GDScript,2017,401
XSLT,2017,400
Apex,2017,381
Mathematica,2017,380
Assembly,2017,370
Perl 6,2017,365
SCSS,2017,345
Smalltalk,2017,320
RobotFramework,2017,317
ColdFusion,2017,311
Visual Basic .NET,2017,309
Nim,2017,308
AutoHotkey,2017,308
PureScript,2017,302
Scheme,2017,301
PLSQL,2017,296
Standard ML,2017,293
Nunjucks,2017,289
PostScript,2017,286
Uno,2017,277
ABAP,2017,262
Starlark,2017,258
Puppet,2017,246
Smarty,2017,231
VHDL,2017,223
Jinja,2017,212
Raku,2017,197
Cuda,2017,196
1C Enterprise,2017,188
Batchfile,2017,184
UnrealScript,2017,176
F*,2017,175
Arduino,2017,164
API Blueprint,2017,156
ActionScript,2017,151
Objective-C++,2017,148
Tcl,2017,147
Racket,2017,144
Objective-J,2017,134
BitBake,2017,131
SaltStack,2017,125
AutoIt,2017,125
ASP,2017,123
Forth,2017,119
Verilog,2017,119
Ren'Py,2017,107
Coq,2017,107
Xtend,2017,107
Processing,2017,105
JavaScript,2018,243302
Python,2018,158455
Java,2018,131440
TypeScript,2018,85455
C++,2018,78216
PHP,2018,78024
Go,2018,70653
C#,2018,57600
C,2018,36018
Ruby,2018,34226
HTML,2018,23667
Shell,2018,22027
Swift,2018,15889
CSS,2018,13578
Kotlin,2018,11958
Objective-C,2018,11457
Scala,2018,10461
Vue,2018,7825
Rust,2018,7232
Dart,2018,6127
Lua,2018,5213
Jupyter Notebook,2018,4889
CoffeeScript,2018,3711
R,2018,3703
Dockerfile,2018,3641
Groovy,2018,3240
Perl,2018,3228
Emacs Lisp,2018,3036
Clojure,2018,3032
PowerShell,2018,3026
Haskell,2018,2948
Elixir,2018,2927
Vim script,2018,2356
DM,2018,2325
OCaml,2018,2213
Nix,2018,2040
Erlang,2018,1716
Vala,2018,1392
Makefile,2018,1260
F#,2018,1122
Pascal,2018,1022
PLpgSQL,2018,984
MATLAB,2018,983
TeX,2018,879
QML,2018,815
Julia,2018,808
D,2018,690
Elm,2018,671
Roff,2018,670
FreeMarker,2018,666
Smalltalk,2018,596
TSQL,2018,575
CMake,2018,572
Fortran,2018,515
Jsonnet,2018,474
Common Lisp,2018,468
Perl 6,2018,455
Visual Basic,2018,431
Crystal,2018,420
Assembly,2018,416
Raku,2018,393
ColdFusion,2018,386
Haxe,2018,382
GLSL,2018,368
Puppet,2018,366
Apex,2018,362
Matlab,2018,358
HCL,2018,355
SCSS,2018,353
SourcePawn,2018,334
XSLT,2018,328
RobotFramework,2018,325
PureScript,2018,318
Starlark,2018,314
Gherkin,2018,307
BitBake,2018,286
Standard ML,2018,283
PLSQL,2018,272
Jinja,2018,246
ABAP,2018,246
ActionScript,2018,242
AutoHotkey,2018,238
Nunjucks,2018,235
Scheme,2018,232
Uno,2018,208
SQF,2018,205
Batchfile,2018,190
Smarty,2018,188
Nim,2018,186
Objective-C++,2018,184
Cuda,2018,183
PostScript,2018,172
UnrealScript,2018,155
Awk,2018,148
API Blueprint,2018,148
GDScript,2018,139
Rich Text Format,2018,123
Tcl,2018,123
Visual Basic .NET,2018,120
Factor,2018,106
YAML,2018,105
Objective-J,2018,101
VBA,2018,101
Coq,2018,100
JavaScript,2018,179708
Python,2018,129638
Java,2018,120641
TypeScript,2018,72247
C++,2018,65900
PHP,2018,59258
Go,2018,57097
C#,2018,46690
C,2018,30556
Ruby,2018,26941
Shell,2018,17704
HTML,2018,17669
Swift,2018,12920
Objective-C,2018,10614
Kotlin,2018,9484
CSS,2018,8906
Dart,2018,7346
Scala,2018,7147
Vue,2018,6879
Rust,2018,5634
Lua,2018,4473
Jupyter Notebook,2018,4057
CoffeeScript,2018,3274
R,2018,2926
Groovy,2018,2888
Perl,2018,2814
Clojure,2018,2680
PowerShell,2018,2551
Haskell,2018,2394
Elixir,2018,2371
Emacs Lisp,2018,2235
OCaml,2018,2165
Nix,2018,2015
Vim script,2018,1877
Dockerfile,2018,1576
Erlang,2018,1476
DM,2018,1266
Makefile,2018,959
Vala,2018,907
F#,2018,830
PLpgSQL,2018,804
MATLAB,2018,750
TeX,2018,733
Pascal,2018,707
Perl 6,2018,692
Julia,2018,640
Jsonnet,2018,610
Roff,2018,576
Fortran,2018,510
TSQL,2018,480
D,2018,457
SCSS,2018,395
HCL,2018,387
FreeMarker,2018,379
Smalltalk,2018,373
Elm,2018,367
Crystal,2018,364
QML,2018,355
API Blueprint,2018,348
XSLT,2018,345
Raku,2018,344
Jinja,2018,317
PureScript,2018,315
Haxe,2018,312
Nunjucks,2018,309
PostScript,2018,309
CMake,2018,308
Starlark,2018,305
ABAP,2018,292
Nim,2018,271
PLSQL,2018,259
Matlab,2018,256
Common Lisp,2018,249
ColdFusion,2018,249
Apex,2018,244
AutoHotkey,2018,241
Visual Basic .NET,2018,241
GLSL,2018,239
Scheme,2018,238
Visual Basic,2018,222
SQF,2018,221
BitBake,2018,214
RobotFramework,2018,212
SourcePawn,2018,183
Assembly,2018,172
Standard ML,2018,162
Puppet,2018,150
Coq,2018,142
Smarty,2018,133
Gherkin,2018,121
Racket,2018,120
Cuda,2018,112
Meson,2018,108
JavaScript,2018,164650
Python,2018,122245
Java,2018,107205
C++,2018,70464
TypeScript,2018,70244
Go,2018,58367
PHP,2018,54535
C#,2018,42817
C,2018,29219
Ruby,2018,24473
Shell,2018,17374
HTML,2018,15587
Swift,2018,11499
Objective-C,2018,9369
Kotlin,2018,9052
CSS,2018,8037
Dart,2018,7443
Scala,2018,6641
Rust,2018,6175
Vue,2018,5717
Lua,2018,4608
Jupyter Notebook,2018,4004
CoffeeScript,2018,3085
Groovy,2018,2973
Perl,2018,2479
Clojure,2018,2427
R,2018,2412
Elixir,2018,2390
Emacs Lisp,2018,2277
Haskell,2018,2071
PowerShell,2018,2041
OCaml,2018,1809
Vim script,2018,1732
Dockerfile,2018,1363
Nix,2018,1363
Erlang,2018,1336
DM,2018,1188
Makefile,2018,974
Julia,2018,952
Vala,2018,909
PLpgSQL,2018,805
MATLAB,2018,736
F#,2018,674
Jsonnet,2018,649
TeX,2018,569
TSQL,2018,505
Roff,2018,498
Smalltalk,2018,466
Fortran,2018,443
Perl 6,2018,425
Raku,2018,423
Pascal,2018,422
D,2018,407
FreeMarker,2018,392
ABAP,2018,389
Elm,2018,383
Visual Basic,2018,353
Nunjucks,2018,348
Starlark,2018,342
CMake,2018,341
Haxe,2018,338
Common Lisp,2018,327
Nim,2018,305
Crystal,2018,302
ColdFusion,2018,302
PLSQL,2018,290
HCL,2018,272
XSLT,2018,265
SourcePawn,2018,248
SCSS,2018,247
Batchfile,2018,246
Puppet,2018,236
Visual Basic .NET,2018,226
PostScript,2018,220
Cuda,2018,205
PureScript,2018,199
QML,2018,199
Matlab,2018,199
Jinja,2018,195
BitBake,2018,192
RobotFramework,2018,190
Assembly,2018,171
AutoHotkey,2018,162
ASP,2018,157
Apex,2018,156
GLSL,2018,132
F*,2018,129
Scheme,2018,128
Twig,2018,123
Rich Text Format,2018,120
Racket,2018,117
API Blueprint,2018,109
1C Enterprise,2018,109
Gherkin,2018,107
JavaScript,2018,145448
Python,2018,109962
Java,2018,84452
TypeScript,2018,64603
Go,2018,53862
C++,2018,53595
PHP,2018,49835
C#,2018,41975
C,2018,26416
Ruby,2018,20729
Shell,2018,14868
HTML,2018,14819
Swift,2018,10555
Kotlin,2018,8676
Objective-C,2018,7738
Dart,2018,6971
CSS,2018,6970
Scala,2018,4973
Vue,2018,4835
Rust,2018,4335
Jupyter Notebook,2018,3767
Lua,2018,3494
Perl,2018,2512
Groovy,2018,2506
Clojure,2018,2374
R,2018,2221
Emacs Lisp,2018,2165
Elixir,2018,2153
Haskell,2018,2133
CoffeeScript,2018,2042
PowerShell,2018,1924
Nix,2018,1588
OCaml,2018,1463
Vim script,2018,1434
Dockerfile,2018,1204
Erlang,2018,1140
Vala,2018,1080
DM,2018,1067
Makefile,2018,877
Julia,2018,766
F#,2018,752
PLpgSQL,2018,698
Jsonnet,2018,581
MATLAB,2018,566
TeX,2018,521
Fortran,2018,493
Starlark,2018,426
Smalltalk,2018,414
TSQL,2018,391
Pascal,2018,383
CMake,2018,364
Haxe,2018,362
ColdFusion,2018,338
Perl 6,2018,337
Nunjucks,2018,337
Jinja,2018,331
Roff,2018,313
Raku,2018,303
Visual Basic,2018,289
ABAP,2018,260
XSLT,2018,249
SourcePawn,2018,246
Nim,2018,237
GLSL,2018,234
FreeMarker,2018,231
Elm,2018,231
D,2018,230
Apex,2018,216
Coq,2018,208
PLSQL,2018,201
Batchfile,2018,198
Common Lisp,2018,196
Crystal,2018,195
QML,2018,193
SCSS,2018,171
AutoHotkey,2018,170
Matlab,2018,163
HCL,2018,146
Visual Basic .NET,2018,141
Assembly,2018,136
PureScript,2018,136
PostScript,2018,130
BitBake,2018,128
Scheme,2018,123
Puppet,2018,122
Standard ML,2018,120
RobotFramework,2018,116
ASP,2018,114
SQF,2018,108
Cuda,2018,102
1C Enterprise,2018,100
JavaScript,2019,149656
Python,2019,127508
Java,2019,87987
TypeScript,2019,66750
Go,2019,61657
C++,2019,58115
PHP,2019,54344
C#,2019,45382
C,2019,30089
Ruby,2019,23416
Shell,2019,15932
HTML,2019,14470
Kotlin,2019,9572
Dart,2019,9203
Swift,2019,8877
Objective-C,2019,7670
CSS,2019,7448
Scala,2019,5446
Vue,2019,4965
Rust,2019,4876
Jupyter Notebook,2019,4499
Lua,2019,3875
R,2019,2748
Groovy,2019,2724
Perl,2019,2661
Elixir,2019,2444
Emacs Lisp,2019,2324
Clojure,2019,2035
Haskell,2019,2012
PowerShell,2019,1936
OCaml,2019,1892
Nix,2019,1793
CoffeeScript,2019,1698
Vim script,2019,1505
Dockerfile,2019,1293
Julia,2019,1033
Makefile,2019,844
Erlang,2019,797
MATLAB,2019,782
Jsonnet,2019,773
Vala,2019,773
DM,2019,762
F#,2019,719
Smalltalk,2019,653
PLpgSQL,2019,623
TeX,2019,551
Pascal,2019,494
Starlark,2019,478
Roff,2019,447
Nunjucks,2019,431
TSQL,2019,429
Jinja,2019,418
Fortran,2019,415
Haxe,2019,382
ColdFusion,2019,381
RobotFramework,2019,376
FreeMarker,2019,353
Perl 6,2019,349
ABAP,2019,340
CMake,2019,334
SourcePawn,2019,322
SCSS,2019,314
Coq,2019,312
Visual Basic,2019,302
PLSQL,2019,300
Raku,2019,283
XSLT,2019,276
AutoHotkey,2019,260
QML,2019,259
Common Lisp,2019,252
Assembly,2019,249
HCL,2019,235
D,2019,225
GLSL,2019,219
Visual Basic .NET,2019,198
Apex,2019,198
Nim,2019,190
PostScript,2019,169
ASP,2019,169
Cuda,2019,168
Elm,2019,164
Crystal,2019,160
Scheme,2019,151
Puppet,2019,148
BitBake,2019,148
SWIG,2019,129
Batchfile,2019,120
Standard ML,2019,115
Gherkin,2019,112
Rich Text Format,2019,112
PureScript,2019,111
UnrealScript,2019,106
JavaScript,2019,142693
Python,2019,116635
Java,2019,88263
TypeScript,2019,62411
Go,2019,61182
C++,2019,57253
PHP,2019,50655
C#,2019,43028
C,2019,27639
Ruby,2019,19395
Shell,2019,15360
HTML,2019,12942
Dart,2019,10153
Swift,2019,10030
Kotlin,2019,8676
Objective-C,2019,7975
CSS,2019,6106
Scala,2019,5782
Vue,2019,5424
Rust,2019,5240
Jupyter Notebook,2019,4606
Lua,2019,3719
Perl,2019,3015
Groovy,2019,2558
Elixir,2019,2501
R,2019,2429
Emacs Lisp,2019,2091
Haskell,2019,1881
PowerShell,2019,1818
OCaml,2019,1779
Vim script,2019,1595
Nix,2019,1505
CoffeeScript,2019,1483
Clojure,2019,1444
DM,2019,1175
Jsonnet,2019,1151
Dockerfile,2019,1142
Erlang,2019,932
F#,2019,828
Makefile,2019,805
Jinja,2019,753
Vala,2019,680
Smalltalk,2019,646
MATLAB,2019,639
PLpgSQL,2019,618
Julia,2019,608
TeX,2019,530
Starlark,2019,494
TSQL,2019,454
Fortran,2019,424
Perl 6,2019,374
Pascal,2019,371
CMake,2019,365
Haxe,2019,338
RobotFramework,2019,325
PLSQL,2019,315
SCSS,2019,311
HCL,2019,309
ColdFusion,2019,284
Nunjucks,2019,277
Raku,2019,272
Rich Text Format,2019,241
Common Lisp,2019,233
GLSL,2019,229
SourcePawn,2019,213
ABAP,2019,207
Roff,2019,203
Assembly,2019,203
Elm,2019,191
PostScript,2019,185
YAML,2019,178
D,2019,176
XSLT,2019,170
Coq,2019,163
Apex,2019,163
Cuda,2019,159
Nim,2019,157
Visual Basic .NET,2019,151
Matlab,2019,146
Crystal,2019,142
QML,2019,140
PureScript,2019,139
Scheme,2019,137
Puppet,2019,134
Standard ML,2019,129
xBase,2019,128
AutoHotkey,2019,128
Visual Basic,2019,121
Tcl,2019,121
Batchfile,2019,118
Smarty,2019,115
SaltStack,2019,104
UnrealScript,2019,100
JavaScript,2019,126962
Python,2019,108596
Java,2019,84650
TypeScript,2019,63144
Go,2019,62669
C++,2019,58385
PHP,2019,44764
C#,2019,41312
C,2019,27777
Ruby,2019,18069
HTML,2019,14474
Shell,2019,12842
Dart,2019,11877
Swift,2019,8128
Kotlin,2019,8067
Objective-C,2019,7793
CSS,2019,5656
Scala,2019,5404
Rust,2019,4745
Vue,2019,4735
Lua,2019,3840
Jupyter Notebook,2019,3578
Perl,2019,2520
Groovy,2019,2499
R,2019,2291
Emacs Lisp,2019,2093
DM,2019,1703
Haskell,2019,1698
Nix,2019,1626
OCaml,2019,1597
PowerShell,2019,1537
Elixir,2019,1439
CoffeeScript,2019,1352
Clojure,2019,1344
Vim script,2019,1188
Dockerfile,2019,1159
Jsonnet,2019,1011
Erlang,2019,986
Julia,2019,986
Makefile,2019,788
Starlark,2019,724
Smalltalk,2019,689
Vala,2019,658
F#,2019,626
MATLAB,2019,547
TeX,2019,484
PLpgSQL,2019,471
Nunjucks,2019,461
HCL,2019,428
Fortran,2019,427
Jinja,2019,402
TSQL,2019,374
Roff,2019,365
ActionScript,2019,365
CMake,2019,364
ColdFusion,2019,330
Pascal,2019,312
RobotFramework,2019,288
Perl 6,2019,271
SystemVerilog,2019,268
Haxe,2019,268
PostScript,2019,234
xBase,2019,231
PLSQL,2019,206
SCSS,2019,205
Rich Text Format,2019,204
Common Lisp,2019,201
XSLT,2019,200
Raku,2019,199
Nim,2019,188
ABAP,2019,187
GLSL,2019,186
Cuda,2019,178
QML,2019,176
Visual Basic .NET,2019,167
D,2019,167
Assembly,2019,160
Scheme,2019,156
Apex,2019,153
PureScript,2019,145
BitBake,2019,133
YAML,2019,123
Batchfile,2019,123
SourcePawn,2019,119
Elm,2019,118
Crystal,2019,113
Visual Basic,2019,108
AutoHotkey,2019,104
Puppet,2019,100
JavaScript,2019,116636
Python,2019,107953
Java,2019,80650
TypeScript,2019,63034
Go,2019,58892
C++,2019,56278
PHP,2019,44983
C#,2019,42645
C,2019,27855
Ruby,2019,17556
Dart,2019,16437
Shell,2019,12789
HTML,2019,11182
Swift,2019,7907
Kotlin,2019,7486
Objective-C,2019,7088
Rust,2019,5406
Scala,2019,4721
CSS,2019,4491
Jupyter Notebook,2019,4056
Vue,2019,3539
Lua,2019,3012
Perl,2019,2654
Emacs Lisp,2019,2361
Groovy,2019,2288
Nix,2019,1980
R,2019,1952
Haskell,2019,1604
DM,2019,1542
PowerShell,2019,1497
OCaml,2019,1412
Clojure,2019,1399
Dockerfile,2019,1277
Vim script,2019,1187
Elixir,2019,1106
CoffeeScript,2019,1089
Starlark,2019,920
Julia,2019,855
Makefile,2019,850
Erlang,2019,778
HCL,2019,733
Jsonnet,2019,718
F#,2019,596
Vala,2019,591
Nunjucks,2019,573
PLpgSQL,2019,530
MATLAB,2019,479
Smalltalk,2019,450
SystemVerilog,2019,422
Pascal,2019,376
TeX,2019,370
Jinja,2019,350
CMake,2019,324
ColdFusion,2019,320
Fortran,2019,309
TSQL,2019,280
Haxe,2019,276
XSLT,2019,242
Raku,2019,237
YAML,2019,235
Common Lisp,2019,228
ABAP,2019,228
SCSS,2019,224
Standard ML,2019,202
Nim,2019,198
Apex,2019,194
AutoHotkey,2019,194
D,2019,193
PLSQL,2019,172
BitBake,2019,171
xBase,2019,171
QML,2019,153
SourcePawn,2019,152
SWIG,2019,152
Crystal,2019,150
GLSL,2019,148
Assembly,2019,144
Visual Basic,2019,140
Roff,2019,139
Batchfile,2019,137
Visual Basic .NET,2019,130
Scheme,2019,116
Elm,2019,114
Cuda,2019,110
JavaScript,2020,113844
Python,2020,113350
Java,2020,79307
TypeScript,2020,63649
Go,2020,60657
C++,2020,57767
PHP,2020,46647
C#,2020,38893
C,2020,28949
Ruby,2020,17439
Dart,2020,15115
Shell,2020,12559
HTML,2020,11894
Kotlin,2020,8540
Swift,2020,7145
Objective-C,2020,5685
CSS,2020,5382
Rust,2020,5058
Scala,2020,4902
Jupyter Notebook,2020,4341
Lua,2020,4000
Perl,2020,2748
Vue,2020,2739
Emacs Lisp,2020,2686
Groovy,2020,2394
R,2020,2017
Nix,2020,1898
Elixir,2020,1649
Haskell,2020,1588
Dockerfile,2020,1536
Clojure,2020,1480
DM,2020,1346
OCaml,2020,1322
PowerShell,2020,1311
Vim script,2020,1256
CoffeeScript,2020,1132
Makefile,2020,1074
Vala,2020,761
Smalltalk,2020,673
Julia,2020,667
Erlang,2020,657
Jsonnet,2020,627
Nunjucks,2020,613
TSQL,2020,542
HCL,2020,539
Starlark,2020,526
F#,2020,516
MATLAB,2020,501
PLpgSQL,2020,483
SystemVerilog,2020,483
Jinja,2020,440
TeX,2020,415
SCSS,2020,402
Fortran,2020,390
ColdFusion,2020,359
Pascal,2020,337
CMake,2020,308
Raku,2020,264
Haxe,2020,256
Standard ML,2020,256
Nim,2020,208
PLSQL,2020,206
XSLT,2020,194
SourcePawn,2020,193
Assembly,2020,188
QML,2020,187
Common Lisp,2020,184
YAML,2020,176
AutoHotkey,2020,173
RobotFramework,2020,172
GLSL,2020,167
SWIG,2020,164
Crystal,2020,149
Visual Basic .NET,2020,146
Roff,2020,139
F*,2020,139
D,2020,135
xBase,2020,127
ABAP,2020,126
Elm,2020,125
Reason,2020,124
BitBake,2020,121
Scheme,2020,117
Puppet,2020,110
UnrealScript,2020,102
Python,2020,130779
JavaScript,2020,130010
Java,2020,95035
TypeScript,2020,71488
Go,2020,68285
C++,2020,67079
PHP,2020,51279
C,2020,41914
C#,2020,41858
Ruby,2020,17843
Dart,2020,17099
Shell,2020,14937
HTML,2020,12128
Kotlin,2020,11188
Swift,2020,7915
Objective-C,2020,6518
Rust,2020,5857
CSS,2020,5398
Jupyter Notebook,2020,5316
Scala,2020,5204
Lua,2020,4129
Vue,2020,3431
Groovy,2020,3037
Emacs Lisp,2020,2941
Perl,2020,2907
Nix,2020,2795
R,2020,2777
Elixir,2020,2017
Haskell,2020,1889
Vim script,2020,1519
Clojure,2020,1516
OCaml,2020,1492
PowerShell,2020,1453
CoffeeScript,2020,1315
Dockerfile,2020,1168
Smalltalk,2020,1110
Makefile,2020,1054
DM,2020,1043
Vala,2020,867
Erlang,2020,746
Nunjucks,2020,682
Julia,2020,678
F#,2020,624
Jsonnet,2020,620
SCSS,2020,616
Starlark,2020,612
Fortran,2020,605
MATLAB,2020,577
HCL,2020,560
SystemVerilog,2020,550
ColdFusion,2020,533
TeX,2020,481
Pawn,2020,460
Jinja,2020,453
PLpgSQL,2020,418
Pascal,2020,400
Haxe,2020,383
TSQL,2020,314
Roff,2020,288
SourcePawn,2020,276
Scheme,2020,272
YAML,2020,267
Common Lisp,2020,265
CMake,2020,259
Raku,2020,257
Nim,2020,245
Assembly,2020,239
Standard ML,2020,226
Elm,2020,213
XSLT,2020,211
GLSL,2020,211
BitBake,2020,209
ABAP,2020,208
Crystal,2020,207
CodeQL,2020,197
QML,2020,193
Reason,2020,182
D,2020,180
Visual Basic .NET,2020,165
xBase,2020,152
Apex,2020,146
SWIG,2020,144
Cuda,2020,136
PLSQL,2020,135
Batchfile,2020,120
AutoHotkey,2020,120
Verilog,2020,107
F*,2020,106
Tcl,2020,101
Python,2020,111855
JavaScript,2020,99493
Java,2020,81529
Go,2020,63712
TypeScript,2020,59676
C++,2020,56178
PHP,2020,40211
C#,2020,35531
C,2020,27170
Dart,2020,15461
Ruby,2020,15347
Shell,2020,11796
HTML,2020,9556
Kotlin,2020,8041
Swift,2020,6257
Objective-C,2020,5158
Rust,2020,4725
Scala,2020,4266
CSS,2020,4083
Jupyter Notebook,2020,4052
Lua,2020,3637
Groovy,2020,2737
Vue,2020,2661
Emacs Lisp,2020,2238
Perl,2020,2179
R,2020,2129
Nix,2020,1940
Clojure,2020,1534
Haskell,2020,1384
DM,2020,1253
OCaml,2020,1177
Vim script,2020,1175
PowerShell,2020,1152
Makefile,2020,1086
Dockerfile,2020,996
CoffeeScript,2020,969
Smalltalk,2020,857
Elixir,2020,744
Erlang,2020,728
Starlark,2020,659
SystemVerilog,2020,648
ColdFusion,2020,615
SCSS,2020,584
MATLAB,2020,561
HCL,2020,560
PLpgSQL,2020,508
Nunjucks,2020,506
Vala,2020,506
Jsonnet,2020,435
Fortran,2020,435
Julia,2020,410
Jinja,2020,400
TeX,2020,387
Pascal,2020,376
F#,2020,314
ABAP,2020,300
Roff,2020,289
Verilog,2020,254
Haxe,2020,250
Assembly,2020,228
CMake,2020,214
CodeQL,2020,190
Standard ML,2020,189
TSQL,2020,182
Visual Basic .NET,2020,182
AutoHotkey,2020,179
Common Lisp,2020,176
Puppet,2020,175
YAML,2020,173
xBase,2020,160
XSLT,2020,158
Raku,2020,157
Nim,2020,152
PLSQL,2020,145
Rich Text Format,2020,145
GLSL,2020,142
D,2020,136
QML,2020,136
BitBake,2020,133
SourcePawn,2020,128
Crystal,2020,116
Elm,2020,115
Scheme,2020,108
Pawn,2020,103
Cuda,2020,102
SWIG,2020,100
Python,2020,101529
JavaScript,2020,94999
Java,2020,71591
TypeScript,2020,59135
Go,2020,54036
C++,2020,53876
PHP,2020,41255
C#,2020,35668
C,2020,26721
Ruby,2020,15203
Dart,2020,13641
Shell,2020,11826
Jinja,2020,10757
HTML,2020,9764
Kotlin,2020,7717
Swift,2020,5523
Objective-C,2020,4829
Rust,2020,4512
Scala,2020,4334
Lua,2020,3879
CSS,2020,3859
Jupyter Notebook,2020,3359
Nix,2020,2684
Emacs Lisp,2020,2662
Vue,2020,2580
Perl,2020,2286
Groovy,2020,2125
R,2020,1639
Haskell,2020,1482
CoffeeScript,2020,1319
Elixir,2020,1302
DM,2020,1288
OCaml,2020,1214
PowerShell,2020,1107
Vim script,2020,1044
Clojure,2020,1001
Dockerfile,2020,993
Makefile,2020,962
Nunjucks,2020,794
Smalltalk,2020,790
Starlark,2020,781
Erlang,2020,749
F#,2020,718
SCSS,2020,636
SystemVerilog,2020,635
Vala,2020,624
MATLAB,2020,611
PLpgSQL,2020,574
Julia,2020,533
HCL,2020,498
ColdFusion,2020,392
Pascal,2020,391
TeX,2020,373
Fortran,2020,360
Jsonnet,2020,354
TSQL,2020,317
Assembly,2020,253
D,2020,234
Raku,2020,226
Nim,2020,220
Standard ML,2020,204
Verilog,2020,194
QML,2020,186
CodeQL,2020,181
Common Lisp,2020,178
AutoHotkey,2020,178
Visual Basic .NET,2020,177
PureScript,2020,172
XSLT,2020,172
CMake,2020,168
Cuda,2020,166
SourcePawn,2020,145
SWIG,2020,144
Haxe,2020,140
Pawn,2020,136
Rich Text Format,2020,121
Forth,2020,121
GLSL,2020,119
YAML,2020,119
Elm,2020,109
Smarty,2020,107
xBase,2020,104
Gherkin,2020,101
Python,2021,99287
JavaScript,2021,86877
Java,2021,68137
TypeScript,2021,54880
Go,2021,50603
C++,2021,50471
PHP,2021,37100
C#,2021,32956
C,2021,28092
Ruby,2021,16102
Dart,2021,13973
Shell,2021,11162
HTML,2021,8571
Kotlin,2021,5633
Swift,2021,4723
Rust,2021,4182
Scala,2021,3850
Objective-C,2021,3687
CSS,2021,3516
Jupyter Notebook,2021,3465
Lua,2021,2892
Emacs Lisp,2021,2207
Nix,2021,2142
Perl,2021,2121
Groovy,2021,1989
Vue,2021,1918
R,2021,1616
Haskell,2021,1349
DM,2021,1143
PowerShell,2021,1076
OCaml,2021,924
Vim script,2021,872
Clojure,2021,864
CoffeeScript,2021,856
Dockerfile,2021,841
Erlang,2021,839
Makefile,2021,783
Elixir,2021,773
Nunjucks,2021,752
Starlark,2021,738
SystemVerilog,2021,690
PLpgSQL,2021,678
ColdFusion,2021,618
F#,2021,570
HCL,2021,552
SCSS,2021,533
MATLAB,2021,509
Smalltalk,2021,505
Vala,2021,473
TeX,2021,432
Jsonnet,2021,418
Jinja,2021,398
Pascal,2021,374
Julia,2021,363
TSQL,2021,350
Fortran,2021,339
Nim,2021,308
Roff,2021,278
CodeQL,2021,255
Assembly,2021,250
Coq,2021,221
Visual Basic .NET,2021,208
CMake,2021,186
Verilog,2021,183
Common Lisp,2021,181
SourcePawn,2021,172
XSLT,2021,165
Standard ML,2021,153
Haxe,2021,149
AutoHotkey,2021,147
YAML,2021,131
D,2021,129
UnrealScript,2021,120
QML,2021,118
Raku,2021,115
Crystal,2021,113
SWIG,2021,103
Scheme,2021,103
GLSL,2021,101
Python,2021,85788
JavaScript,2021,73535
Java,2021,63982
TypeScript,2021,52747
Go,2021,44847
C++,2021,44739
PHP,2021,29955
C#,2021,26032
C,2021,23645
Ruby,2021,13470
Dart,2021,13126
Shell,2021,9207
HTML,2021,7067
Kotlin,2021,5046
Scala,2021,4143
Swift,2021,3938
Rust,2021,3688
Objective-C,2021,3133
Jupyter Notebook,2021,2940
CSS,2021,2613
Lua,2021,2591
Nix,2021,2066
Perl,2021,1839
Groovy,2021,1819
R,2021,1681
Emacs Lisp,2021,1627
Vue,2021,1325
OCaml,2021,1237
Haskell,2021,1185
Vim script,2021,964
DM,2021,887
Clojure,2021,847
PowerShell,2021,845
Erlang,2021,744
Starlark,2021,725
Dockerfile,2021,721
Makefile,2021,689
CoffeeScript,2021,668
Elixir,2021,667
SystemVerilog,2021,664
MATLAB,2021,571
HCL,2021,543
Smalltalk,2021,511
Nunjucks,2021,503
Vala,2021,489
SCSS,2021,462
Julia,2021,442
ColdFusion,2021,401
PLpgSQL,2021,390
Fortran,2021,361
Pascal,2021,348
TeX,2021,344
Jinja,2021,331
Jsonnet,2021,331
F#,2021,329
Assembly,2021,238
Nim,2021,233
xBase,2021,227
Visual Basic .NET,2021,211
TSQL,2021,210
Verilog,2021,204
CodeQL,2021,195
XSLT,2021,157
Cuda,2021,148
Common Lisp,2021,147
Raku,2021,140
YAML,2021,124
Standard ML,2021,121
QML,2021,115
SWIG,2021,112
CMake,2021,109
Coq,2021,108
D,2021,107
Python,2021,80105
JavaScript,2021,64938
Java,2021,55137
TypeScript,2021,47629
Go,2021,45439
C++,2021,41182
PHP,2021,28113
C#,2021,23952
C,2021,21624
Dart,2021,11041
Ruby,2021,10343
Shell,2021,8626
HTML,2021,6683
Kotlin,2021,4935
Swift,2021,3626
Objective-C,2021,3084
Rust,2021,3063
Scala,2021,2864
CSS,2021,2611
Jupyter Notebook,2021,2433
Lua,2021,2262
Nix,2021,1965
Groovy,2021,1775
Emacs Lisp,2021,1689
Perl,2021,1649
R,2021,1419
OCaml,2021,1214
Vue,2021,1098
Haskell,2021,1022
DM,2021,1001
Vim script,2021,878
Dockerfile,2021,781
Clojure,2021,713
Elixir,2021,654
SystemVerilog,2021,642
CoffeeScript,2021,611
Smalltalk,2021,604
PowerShell,2021,601
Erlang,2021,593
Makefile,2021,567
Vala,2021,554
ColdFusion,2021,546
Nunjucks,2021,536
Starlark,2021,514
F#,2021,496
SCSS,2021,484
PLpgSQL,2021,452
HCL,2021,375
MATLAB,2021,346
TeX,2021,318
Julia,2021,315
Pascal,2021,301
Jinja,2021,264
Assembly,2021,255
Fortran,2021,243
Visual Basic .NET,2021,228
CodeQL,2021,227
Jsonnet,2021,214
TSQL,2021,209
Verilog,2021,199
YAML,2021,152
xBase,2021,149
Standard ML,2021,148
Nim,2021,147
Haxe,2021,135
QML,2021,129
Common Lisp,2021,127
Cuda,2021,124
CMake,2021,118
Raku,2021,103
XSLT,2021,101
Python,2021,62837
JavaScript,2021,50087
Java,2021,41447
TypeScript,2021,35268
Go,2021,32074
C++,2021,32061
PHP,2021,22317
C#,2021,19238
C,2021,16907
Ruby,2021,8319
Shell,2021,8041
Dart,2021,7782
HTML,2021,5050
Kotlin,2021,3586
Swift,2021,2766
Rust,2021,2653
Objective-C,2021,2328
Scala,2021,2208
Jupyter Notebook,2021,1951
Nix,2021,1907
CSS,2021,1775
Lua,2021,1471
DM,2021,1404
Groovy,2021,1397
Emacs Lisp,2021,1326
Perl,2021,1283
Haskell,2021,1043
R,2021,1017
OCaml,2021,844
Dockerfile,2021,700
Vue,2021,689
Elixir,2021,631
Clojure,2021,587
SystemVerilog,2021,534
Erlang,2021,517
Vim script,2021,512
Pascal,2021,507
Makefile,2021,505
Nunjucks,2021,468
Starlark,2021,453
Smalltalk,2021,437
SCSS,2021,423
PowerShell,2021,421
ColdFusion,2021,417
CoffeeScript,2021,378
Vala,2021,367
PLpgSQL,2021,354
TeX,2021,338
MATLAB,2021,308
HCL,2021,307
F#,2021,303
Jinja,2021,299
Julia,2021,257
Less,2021,242
Visual Basic .NET,2021,228
Common Lisp,2021,212
Fortran,2021,208
Assembly,2021,180
Verilog,2021,180
CodeQL,2021,168
Roff,2021,159
xBase,2021,156
Nim,2021,153
TSQL,2021,119
QML,2021,118
Haxe,2021,106
SourcePawn,2021,106
Python,2022,411
Java,2022,302
C++,2022,283
JavaScript,2022,220
Go,2022,204
PHP,2022,173
TypeScript,2022,169
C,2022,151
C#,2022,148
